Metric,Train Data,Test Data
Score,0.999497,0.975418
MSE,259697.8375002727,12676879.586509712
MAE,39.73118561045503,1238.7761648660226
R2,0.9994968134433332,0.9754180567449969
