Metric,Train Data,Test Data
Score,0.997511,0.984844
MSE,1284849.6664888603,7816509.613862875
MAE,441.7984085724759,1143.564962898193
R2,0.9975105606265116,0.9848436124515896
