Metric,Train Data,Test Data
Score,0.995870,0.987094
MSE,2131408.212669667,6656399.631142575
MAE,753.8697737417662,1269.008571330161
R2,0.9958702557683801,0.9870935669979692
