Metric,Train Data,Test Data
Score,0.977168,0.975403
MSE,11783891.552232927,12684989.726748127
MAE,1992.8895086916662,2061.0891579215177
R2,0.9771683603383703,0.9754028103813983
